{"loss": 21.51331329345703, "_timestamp": 1679677451.7098672, "_runtime": 8.223892211914062, "_step": 0, "_wandb": {"runtime": 9}}