{"loss": 21.5133113861084, "_timestamp": 1679676854.273253, "_runtime": 31.045547008514404, "_step": 0, "_wandb": {"runtime": 74}}