{"loss": 5.749195098876953, "_timestamp": 1679677572.2424173, "_runtime": 25.854572296142578, "_step": 21, "_wandb": {"runtime": 25}}