{"loss": 21.5133113861084, "_timestamp": 1679677067.279611, "_runtime": 28.483583211898804, "_step": 0, "_wandb": {"runtime": 82}}