{"loss": 3.0393152236938477, "_timestamp": 1679677813.6505787, "_runtime": 182.0218367576599, "_step": 135, "_wandb": {"runtime": 182}}